Model,RMSE,MAE,R2 Score
SimpleRNN,19.805608336238766,13.00245978565074,0.9255563724578006
LSTM,31.162612717177996,22.759083708603683,0.8157027395909496
